Designator,Footprint,Quantity,Value,LCSC Part #
"C1, C2",0402,2,15pF,C1548
"C10, C11, C12, C13, C14, C15, C16, C17, C18, C19, C20, C21, C27, C29, C31, C32, C5, C9",0402,18,100nF,C1525
C22,1210,1,47uF,C2932478
"C23, C25",0402,2,1uF,C52923
C24,0805,1,22uF,C45783
C26,1210,1,100uF 10V,C23742
C28,1206,1,47uF,C96123
"C3, C4, C6, C7, C8",0402,5,4.7uF,C23733
C30,0402,1,10nF,C15195
"D1, D2, D3, D9",D_SOD-123F,4,SM5817PL 20V,C669022
"D4, D5, D6",SOT-23-6,3,SRV05-4,C13612
D7,LED_Vishay_VSMB2943SL,1,VSMB2943SLX01,C511094
F1,1206,1,500mA,C2649911
J1,GameBoy_Cartridge_EdgeConnector,1,CartBus,
J2,USB_Micro-B_XKB_U254-051T-4BH83-F2S,1,USB micro-B device,C2682231
J3,USB_C_Receptacle_Amphenol_12401610E4-2A,1,12401610E4#2A,C5119948
J4,JST_SH_SM06B-SRSS-TB_1x06-1MP_P1.00mm_Horizontal,1,DEBUG,C160405
L1,L_Murata_DFE201610P,1,3.3uH,C42411119
"Q1, Q2",SOT-23,2,CJ2302,C8548
"R1, R26, R3, R31, R9",0402,5,1k,C11702
"R10, R33",1206,2,0R1,C25334
R11,0402,1,10R,C25077
"R14, R15",0402,2,27R,C25100
"R16, R17, R18, R19, R20, R21, R22, R23, R25",0402,9,100R,C25076
"R2, R24, R27, R35, R4, R5, R8",0402,7,10k,C25744
R28,1206,1,22R,C17958
"R29, R32",0402,2,100k,C25741
R30,0402,1,0R,C17168
R34,0402,1,470R,C25117
"R6, R7",0402,2,33R,C25105
SW2,SW_SPST_PTS810,1,BOOTSEL,C116501
U1,QFN-80-1EP_10x10mm_P0.4mm_EP3.4x3.4mm_ThermalVias,1,RP2350B,C42415655
U2,SOIC-8_5.3x5.3mm_P1.27mm,1,W25Q128JVSIQ,C97521
U3,SOIC-8_3.9x4.9mm_P1.27mm,1,APS6404L-3SQR-SN,C5333729
U4,SOT-23-5,1,AP2112K-3.3,C51118
U5,SOT-666,1,USBLC6-2P6,C15999
U6,SOT-23-6,1,TPS22917DBV,C2681320
U7,RaspberryPi_RM2,1,RMC20452T,C49451547
Y1,Crystal_SMD_3225-4Pin_3.2x2.5mm,1,12MHz,C20625731
