Designator,Mid X,Mid Y,Rotation,Layer
C1,114.2,-160.8,0.0,top
C10,96.195,-154.75,0.0,top
C11,94.3,-159.2,180.0,top
C12,116.8,-160.0,0.0,top
C13,116.8,-161.4,0.0,top
C14,116.8,-162.8,0.0,top
C15,108.4,-150.35,90.0,top
C16,104.836,-149.195,90.0,top
C17,99.776,-149.195,90.0,top
C18,96.195,-153.29,0.0,top
C19,96.195,-159.17,0.0,top
C2,116.1,-154.5,0.0,top
C20,96.195,-160.629999,0.0,top
C21,96.195,-162.089999,0.0,top
C22,85.3375,-160.435,0.0,top
C23,89.0375,-160.435,0.0,top
C24,93.3375,-164.635,0.0,top
C25,93.73,-161.935,0.0,top
C26,126.525,-130.5,0.0,top
C27,104.35,-147.6,0.0,top
C28,91.0,-112.25,0.0,top
C29,94.0,-120.5,0.0,top
C3,91.6375,-161.935,0.0,top
C30,102.0,-132.73,90.0,top
C31,93.9,-146.23,0.0,top
C32,89.95,-152.05,180.0,top
C4,96.195,-149.19,0.0,top
C5,103.0,-143.48,90.0,top
C6,102.0,-145.0,90.0,top
C7,94.3,-154.5,180.0,top
C8,111.805,-156.313333,0.0,top
C9,103.5,-149.75,90.0,top
D1,82.8375,-163.635,0.0,top
D2,103.0,-122.5,0.0,top
D3,113.5,-134.5,0.0,top
D4,120.1125,-129.5,180.0,top
D5,114.25,-129.5,180.0,top
D6,107.8875,-129.5,180.0,top
D7,126.25,-111.6425,180.0,top
D9,126.525,-127.5,0.0,top
F1,103.0,-119.0,0.0,top
J1,104.975,-175.534,0.0,top
J2,98.55,-111.89,180.0,top
J3,111.75,-115.34,180.0,top
J4,132.5,-120.25,90.0,top
L1,95.855,-151.24,0.0,top
Q1,127.15,-158.35,0.0,top
Q2,131.1,-112.5,0.0,top
R1,129.75,-157.75,90.0,top
R10,82.838,-166.135,0.0,top
R11,123.25,-133.5,0.0,top
R14,96.175,-157.7,0.0,top
R15,96.175,-156.22,0.0,top
R16,124.49,-138.5,0.0,top
R17,121.99,-138.5,0.0,top
R18,119.49,-138.5,0.0,top
R19,116.99,-138.5,0.0,top
R2,129.65,-152.9,270.0,top
R20,114.49,-138.5,0.0,top
R21,111.99,-138.5,0.0,top
R22,109.49,-138.5,0.0,top
R23,106.99,-138.5,0.0,top
R24,104.0,-131.75,0.0,top
R25,105.75,-132.75,270.0,top
R26,134.6,-113.5,0.0,top
R27,134.6,-111.5,0.0,top
R28,126.525,-133.5,0.0,top
R29,93.5,-122.25,90.0,top
R3,118.0,-157.0,90.0,top
R30,101.49,-130.5,0.0,top
R31,107.5,-136.0,90.0,top
R32,97.5,-133.0,180.0,top
R33,97.5,-126.5,0.0,top
R34,88.0,-134.76,270.0,top
R35,93.9,-126.5,0.0,top
R4,82.5,-146.74,90.0,top
R5,83.3,-154.24,90.0,top
R6,96.175,-147.72,0.0,top
R7,102.5,-147.6,0.0,top
R8,114.0,-151.0,0.0,top
R9,82.5,-144.6,90.0,top
SW2,125.325,-121.575,270.0,top
U1,104.0,-157.0,180.0,top
U2,87.8375,-148.135,270.0,top
U3,87.8375,-155.635,270.0,top
U4,88.8375,-164.335,180.0,top
U5,98.0,-119.0,0.0,top
U6,97.5,-130.5,180.0,top
U7,83.0,-122.5,90.0,top
Y1,115.0,-157.0,0.0,top
